{
    "plddt": 0.84375,
    "gpde": 0.6214517951011658,
    "ptm": 0.7718349099159241,
    "iptm": 0.7103359699249268,
    "chain_ptm": [
        0.9571102261543274,
        0.952113151550293,
        0.9107876420021057
    ],
    "chain_iptm": [
        0.7639040350914001,
        0.7390666007995605,
        0.567635178565979
    ],
    "chain_pair_iptm": [
        [
            0.0,
            0.9353355169296265,
            0.5924725532531738
        ],
        [
            0.9353355169296265,
            0.0,
            0.5427977442741394
        ],
        [
            0.5924725532531738,
            0.5427977442741394,
            0.0
        ]
    ],
    "chain_pair_iptm_global": [
        [
            0.0,
            0.7514853477478027,
            0.6657695770263672
        ],
        [
            0.7514853477478027,
            0.0,
            0.6533508896827698
        ],
        [
            0.6657695770263672,
            0.6533508896827698,
            0.0
        ]
    ],
    "chain_plddt": [
        0.91015625,
        0.88671875,
        0.79296875
    ],
    "chain_pair_plddt": [
        [
            0.0,
            0.8984375,
            0.828125
        ],
        [
            0.8984375,
            0.0,
            0.82421875
        ],
        [
            0.828125,
            0.82421875,
            0.0
        ]
    ],
    "has_clash": false,
    "disorder": 0.0,
    "ranking_score": 0.7226357460021973,
    "num_recycles": 10
}