{
    "plddt": 0.84375,
    "gpde": 0.47472596168518066,
    "ptm": 0.8217906951904297,
    "iptm": 0.7702052593231201,
    "chain_ptm": [
        0.9621155261993408,
        0.9578537940979004,
        0.9375530481338501
    ],
    "chain_iptm": [
        0.8109788298606873,
        0.8099079132080078,
        0.6796646118164062
    ],
    "chain_pair_iptm": [
        [
            0.0,
            0.941222071647644,
            0.6807355880737305
        ],
        [
            0.941222071647644,
            0.0,
            0.6785936951637268
        ],
        [
            0.6807355880737305,
            0.6785936951637268,
            0.0
        ]
    ],
    "chain_pair_iptm_global": [
        [
            0.0,
            0.8104434013366699,
            0.7453217506408691
        ],
        [
            0.8104434013366699,
            0.0,
            0.744786262512207
        ],
        [
            0.7453217506408691,
            0.744786262512207,
            0.0
        ]
    ],
    "chain_plddt": [
        0.8984375,
        0.87890625,
        0.80078125
    ],
    "chain_pair_plddt": [
        [
            0.0,
            0.890625,
            0.83203125
        ],
        [
            0.890625,
            0.0,
            0.828125
        ],
        [
            0.83203125,
            0.828125,
            0.0
        ]
    ],
    "has_clash": false,
    "disorder": 0.0,
    "ranking_score": 0.780522346496582,
    "num_recycles": 10
}