{
    "plddt": 0.84375,
    "gpde": 0.6018895506858826,
    "ptm": 0.7657179832458496,
    "iptm": 0.7048088312149048,
    "chain_ptm": [
        0.9613256454467773,
        0.9573095440864563,
        0.9094491600990295
    ],
    "chain_iptm": [
        0.7706347703933716,
        0.7479425072669983,
        0.5771405100822449
    ],
    "chain_pair_iptm": [
        [
            0.0,
            0.941436767578125,
            0.5998327732086182
        ],
        [
            0.941436767578125,
            0.0,
            0.5544482469558716
        ],
        [
            0.5998327732086182,
            0.5544482469558716,
            0.0
        ]
    ],
    "chain_pair_iptm_global": [
        [
            0.0,
            0.7592886686325073,
            0.6738876104354858
        ],
        [
            0.7592886686325073,
            0.0,
            0.6625415086746216
        ],
        [
            0.6738876104354858,
            0.6625415086746216,
            0.0
        ]
    ],
    "chain_plddt": [
        0.90234375,
        0.8828125,
        0.796875
    ],
    "chain_pair_plddt": [
        [
            0.0,
            0.890625,
            0.828125
        ],
        [
            0.890625,
            0.0,
            0.82421875
        ],
        [
            0.828125,
            0.82421875,
            0.0
        ]
    ],
    "has_clash": false,
    "disorder": 0.0,
    "ranking_score": 0.7169906497001648,
    "num_recycles": 10
}