{
    "plddt": 0.83984375,
    "gpde": 0.48611631989479065,
    "ptm": 0.8316676020622253,
    "iptm": 0.7845631837844849,
    "chain_ptm": [
        0.9662076830863953,
        0.9628026485443115,
        0.9257310032844543
    ],
    "chain_iptm": [
        0.8303709030151367,
        0.8301661014556885,
        0.7116360068321228
    ],
    "chain_pair_iptm": [
        [
            0.0,
            0.9489009976387024,
            0.7118407487869263
        ],
        [
            0.9489009976387024,
            0.0,
            0.7114312648773193
        ],
        [
            0.7118407487869263,
            0.7114312648773193,
            0.0
        ]
    ],
    "chain_pair_iptm_global": [
        [
            0.0,
            0.8302685022354126,
            0.7710034847259521
        ],
        [
            0.8302685022354126,
            0.0,
            0.770901083946228
        ],
        [
            0.7710034847259521,
            0.770901083946228,
            0.0
        ]
    ],
    "chain_plddt": [
        0.88671875,
        0.87109375,
        0.80078125
    ],
    "chain_pair_plddt": [
        [
            0.0,
            0.87890625,
            0.828125
        ],
        [
            0.87890625,
            0.0,
            0.82421875
        ],
        [
            0.828125,
            0.82421875,
            0.0
        ]
    ],
    "has_clash": false,
    "disorder": 0.0,
    "ranking_score": 0.793984055519104,
    "num_recycles": 10
}