{
    "plddt": 0.83984375,
    "gpde": 0.5680813193321228,
    "ptm": 0.791897177696228,
    "iptm": 0.7392426133155823,
    "chain_ptm": [
        0.9604834914207458,
        0.9555101990699768,
        0.916136622428894
    ],
    "chain_iptm": [
        0.7888627648353577,
        0.7632545232772827,
        0.6126158237457275
    ],
    "chain_pair_iptm": [
        [
            0.0,
            0.9395014643669128,
            0.6382240653038025
        ],
        [
            0.9395014643669128,
            0.0,
            0.5870075225830078
        ],
        [
            0.6382240653038025,
            0.5870075225830078,
            0.0
        ]
    ],
    "chain_pair_iptm_global": [
        [
            0.0,
            0.7760586738586426,
            0.7007392644882202
        ],
        [
            0.7760586738586426,
            0.0,
            0.6879351735115051
        ],
        [
            0.7007392644882202,
            0.6879351735115051,
            0.0
        ]
    ],
    "chain_plddt": [
        0.89453125,
        0.875,
        0.80078125
    ],
    "chain_pair_plddt": [
        [
            0.0,
            0.8828125,
            0.828125
        ],
        [
            0.8828125,
            0.0,
            0.82421875
        ],
        [
            0.828125,
            0.82421875,
            0.0
        ]
    ],
    "has_clash": false,
    "disorder": 0.0,
    "ranking_score": 0.7497735619544983,
    "num_recycles": 10
}